Well Position,Sequence Name,Sequence
A1,SBC004913_F,/5Phos/TTTAAAAAGCCGACCGATCGACGGT
A1,SBC004913_R,/5Phos/CGCCCTGCTCCACTAACAATTACGA
A2,SBC006439_F,/5Phos/ATCCCCCACCCGGGTACG
A2,SBC006439_R,/5Phos/GCACAGACCTTCAAACGTCAATATAATGTTGTGTGTTTAC
A3,SBC007437_F,/5Phos/GACTCAAGGCCGGGTTTCCG
A3,SBC007437_R,/5Phos/TTAGCTATTTTGTTTTGCAAAAATCTTCGCGAGTTTCTGTAGC
A4,SBC007458_F,/5Phos/GCTATATTGGAATTGCCTCAAAAACGCCGAAGA
A4,SBC007458_R,/5Phos/TCATGCACCAGGTTTCAGTTTATCACGGAC
A5,SBC007344_F,/5Phos/TTACAGCGCATCATTGGACGTGCG
A5,SBC007344_R,/5Phos/TTATTTATCAAAATGGTCCAGTGGGTAGTGTTCACCA
A6,SBC007360_F,/5Phos/TGATGAGGTACTTACTCGGGTCATAGCATCAC
A6,SBC007360_R,/5Phos/TTAGTGGCTCAACGTAATTTTAACGTCCACAGC
A7,SBC007194_F,/5Phos/GTTTGCCGAAAACAGTGGGAGTGATATGG
A7,SBC007194_R,/5Phos/TTAAATGCACGAACCGTTGGGTTCAAACAG
A8,SBC004733_F,/5Phos/TCTGGACTTCTCAGCCAGGCTTCC
A8,SBC004733_R,/5Phos/TTATTAGCCTTTAATGACGTCCTGCAGACGTG
A9,SBC000329_F,/5Phos/CAAACCTACCTCCGCTCGTATCAGGA
A9,SBC000329_R,/5Phos/TCACTGACGGTTGTCATTGGCTTGG
B1,SBC004914_F,/5Phos/GTGTCTCTTCCATGATTGGTGATCCGG
B1,SBC004914_R,/5Phos/GGAGAGGGCAGTATACTGTTTAGGTGTGA
B2,SBC006440_F,/5Phos/GGAATCGTCTCTGTCCTGCACCTTCAATT
B2,SBC006440_R,/5Phos/CGAACTAAAAGTGATCTTGGACGAGCGTTAGAATGTTA
B3,SBC007439_F,/5Phos/CAAAGGATTGATCGTCTCCTGCCCC
B3,SBC007439_R,/5Phos/TTATTTATTTTGTTCTGCAAACAATTTGCCCATTTTCTTAAGCAGTTTCG
B4,SBC007460_F,/5Phos/AGATTTCGTTACCTAAATTATAGGCCCATAGACGTGGA
B4,SBC007460_R,/5Phos/TTACTTCTGCGACTTCAGGTAACCGCG
B5,SBC007346_F,/5Phos/CAGGTGTCTGCTGAGTTCGTTCCG
B5,SBC007346_R,/5Phos/TCAATAGTTTATCATTTTACGAAGAGCATCGTAGCATTTCCATTTGT
B6,SBC007362_F,/5Phos/GGATTGGGCAGTCGTAACCGGA
B6,SBC007362_R,/5Phos/TCATTTGATAATCCGCGCATCACCAATGCA
B7,SBC007302_F,/5Phos/ATCTCTCGTCCGAATCATTCGGGCA
B7,SBC007302_R,/5Phos/TTACGCATTTAACATCATTGTAGCATGATTGCGCAC
B8,SBC006930_F,/5Phos/AATGCTGACTTTGTGCAACCTTCCTATAAGGAC
B8,SBC006930_R,/5Phos/TCAGCTTTTCCCACGACCTTCATCG
B9,SBC000330_F,/5Phos/ACAGGAAACTCAGCCTCGCTCACATT
B9,SBC000330_R,/5Phos/TTAACCTCGACGGGCCTTAACGG
C1,SBC004915_F,/5Phos/AGGTCCCGGGTATCAATCCAGTCG
C1,SBC004915_R,/5Phos/AGCGCAATCAGGTTCCCTTCTTCAGTTAAATG
C2,SBC007468_F,/5Phos/AGATGTGCGAATAGAACACATGAACGACATATAAAGGAAC
C2,SBC007468_R,/5Phos/TTACTCGCCTACCATTTCGGTGTTGGC
C3,SBC007441_F,/5Phos/TGCTGGCAGGAAAATCCGGAAGG
C3,SBC007441_R,/5Phos/TTAAGAATTTTGCTTGGCAAAAATTTTCCCTAATTTCATAAGCAGTTCAG
C4,SBC007462_F,/5Phos/CGGTTATGCGATTGTGGGTGGTGA
C4,SBC007462_R,/5Phos/TTATATAAGCTCGCTCTCTTTCAGCAGATCATAGATAATGGTG
C5,SBC007348_F,/5Phos/TATCTCAATAATAACACGTCGGTAATATGGGGAGGTGA
C5,SBC007348_R,/5Phos/TTAAAGCTCTTCCTTAAGTAATGCTTCTTGACGCAGC
C6,SBC007364_F,/5Phos/AAGACTCTGGCAACTCTCCCTCCATG
C6,SBC007364_R,/5Phos/TTATGACTGTATCCGGCGTTTCGCGT
C7,SBC007304_F,/5Phos/GTCGAGCTTCTTTCTTGAGCCCCTG
C7,SBC007304_R,/5Phos/TTAACTCAACACTTCTACCAGTTTATTTGAAGTAAAGGTATCATCTAACAGC
C8,SBC006931_F,/5Phos/CAGGACTTCGCCATCCTTTACATGTGA
C8,SBC006931_R,/5Phos/TCAGCTTTTGATCTCTGCCTTACCCTCC
C9,SBC000331_F,/5Phos/TGCATTTTACGAAGCCACGGACCC
C9,SBC000331_R,/5Phos/TTACTTCTTCAGTTCGGCAAGGCTCAGC
D1,SBC004918_F,/5Phos/GAACATGTCAACGTGGAGTATACAACCAACAGTAACA
D1,SBC004918_R,/5Phos/CAGCTACCTATAGATGCTGTTCGCCGTT
D2,SBC007470_F,/5Phos/CGTTAGTACGAACTATCACCTTGACTAGTTGGTTTGG
D2,SBC007470_R,/5Phos/TTACTGGAAGAAAACGGCGATTTTATTGAACATGGTC
D3,SBC007448_F,/5Phos/GGTAAGAAAGAGCGCCGACAAGGAG
D3,SBC007448_R,/5Phos/TTAACGAGCGGCTTCGTAAATTCGGC
D4,SBC007464_F,/5Phos/CAGTTACGTTTGGTGTCCCACGAGTTTC
D4,SBC007464_R,/5Phos/TTAAACTAAATGATACTCATGAAGCATCTGCCCGATCTG
D5,SBC007350_F,/5Phos/GCGATTCCAGATAAATGACTTCTGATCGTCGG
D5,SBC007350_R,/5Phos/TTAATAATCTAGCGCACGTTTCGCCGCATTAAGAATA
D6,SBC007184_F,/5Phos/TGTGCTAGCAGGTCGATAGTAGCCG
D6,SBC007184_R,/5Phos/TTACTTCGAGGTATCAACCACGTAACGACCT
D7,SBC007306_F,/5Phos/TCTGAGGACCCTAGTCGAACATTATTAGCTGATTG
D7,SBC007306_R,/5Phos/TTACGCAACCACGCTGTCATCGAC
D8,SBC004734_F,/5Phos/TTGACCTCGTGCGATTCATTTGATAATGTACTTCACTC
D8,SBC004734_R,/5Phos/TTATTAGGCTCGAATATCGCGCAGCACATC
D9,SBC000332_F,/5Phos/TTTAGAACAAGACAGTTCGGCGGAGCT
D9,SBC000332_R,/5Phos/TTATAAGAGTTCTTTTGCTTTGGCAACCACGTTGTCTA
E1,SBC004923_F,/5Phos/GTTCGCCGTTTAGCACCTTGACGA
E1,SBC004923_R,/5Phos/AGTTAGTTATCCCCTCTAATATGGCCGATCCTTTAAGT
E2,SBC007472_F,/5Phos/GGCGTGAGACGCCTGAGC
E2,SBC007472_R,/5Phos/TCAACCGGCAACAGCGATGC
E3,SBC007450_F,/5Phos/AAGACTTCACCAATCCATATTGGGAGAGATGAGG
E3,SBC007450_R,/5Phos/TCACACCAAATTGGCCTCTTTAAGCAGTTCC
E4,SBC007466_F,/5Phos/GATGGTGCCTAATTCCCCTAAACCCC
E4,SBC007466_R,/5Phos/TTAAATCAGACCCTCCATGGACGTATCTTTAAGTAGTTTCTTTATTATTGTTTC
E5,SBC007352_F,/5Phos/CGCGAGTAGATGTCATATTATTCCGTAAGCCC
E5,SBC007352_R,/5Phos/TTAGAACTCCGCAAGCTCACGCATG
E6,SBC007186_F,/5Phos/GAGGGCGGCCAATATGTGATGATTTCG
E6,SBC007186_R,/5Phos/TTAGCCAATGCGCAGGACCGG
E7,SBC007308_F,/5Phos/GAACCGAGGTAACATTCCGATCAGCGAT
E7,SBC007308_R,/5Phos/TTAGAAGGTGGCCAGAATAGCATCGGC
E8,SBC004735_F,/5Phos/TGCGGCAGTGTAAAAAGCAAAAATCACCC
E8,SBC004735_R,/5Phos/TTAGCCTGTTGGTTGCCCGGC
F1,SBC004924_F,/5Phos/CGTTATATCCTCTTTTTTGTCCGTTCCAGTTCAGAAC
F1,SBC004924_R,/5Phos/CTCAACCTAGCTAAAGCAGCCCGG
F2,SBC007474_F,/5Phos/TCCCGTCTAACAGATTGAGGTAAAAACTAATTGCCC
F2,SBC007474_R,/5Phos/TTAGCCACCCAGTTTCGATTTATCACGCA
F3,SBC007452_F,/5Phos/GGGTAGTCTGTGCCTTGGGAAAGT
F3,SBC007452_R,/5Phos/TTAAAGGAGTTTATGTTCCTTCAGGAGGCTTTCAATATAGGTAC
F4,SBC007338_F,/5Phos/AACAACAAAGCGTACCTATAGGAGGTACATATTCCC
F4,SBC007338_R,/5Phos/TTATTTGGCGTAAACATAATCCAATGCTGATTCCGG
F5,SBC007354_F,/5Phos/TCTATACTTGATTCCAGGGGTCGGAAGTCC
F5,SBC007354_R,/5Phos/TTATACCTCCATAACCTTCTTCAGCGCCG
F6,SBC007188_F,/5Phos/AGCGGCCTGAGTGTGGGT
F6,SBC007188_R,/5Phos/TTAAGACATACGTACGATTGGTTTAATAGTACGACCGGT
F7,SBC007336_F,/5Phos/AAAGGATATATAAGTATGGACCCGAAGGACCTTTGATG
F7,SBC007336_R,/5Phos/TTAAGATGAGAAGTCAGCCTCACTGAATTTGCCT
F8,SBC006924_F,/5Phos/GTTGGAGATGCCGGTTCCTAGCATACTTT
F8,SBC006924_R,/5Phos/TTATTTATCCTTCTTAAGGGCACCTAATGTCGGGG
G1,SBC004980_F,/5Phos/TTGACATGCATCGATCAACAGTTCAGTTAGAAACAAC
G1,SBC004980_R,/5Phos/CAAGCTAACCTCGGCATGTTGGTAATAATATGTATACATTTTAAATATCGAGAA
G2,SBC007433_F,/5Phos/TATGGAGTTTTTGTCGAGCCGGTCTAGAG
G2,SBC007433_R,/5Phos/TTACGACTTATTCTGTTCTGCAAACAGCTTGCC
G3,SBC007454_F,/5Phos/ACCGCCGAAATTGGTCGTGACTG
G3,SBC007454_R,/5Phos/TTAAATGAGATTCGCATCTTTTAAGAGTTCTTCAATAAAAGTATCCTTAATTTTCTTATGACCG
G4,SBC007340_F,/5Phos/CGCCATAGTATCTGTAATTCTGTAATAGCAGAGCTTCC
G4,SBC007340_R,/5Phos/TCAGAACTCTGCCAGTTCGCGC
G5,SBC007356_F,/5Phos/GCTTGGCTGGATACCTCAGCACG
G5,SBC007356_R,/5Phos/TTACAGAATCATACGAGCATCAACGGCAATCG
G6,SBC007190_F,/5Phos/CCATTTTCGCAGATGTTTCATAGTGCACTTGTTCA
G6,SBC007190_R,/5Phos/TTATTTACCCGGCACGTAGTCTGGATCG
G7,SBC007312_F,/5Phos/GGCGATTGCTTCGGTGGGG
G7,SBC007312_R,/5Phos/TTAATAATTCTCGCTTAAGATTGCATTCGCGTGTTCTTGA
G8,SBC007332_F,/5Phos/AGTAGTTTGCCTCCCAGTTGGCGTA
G8,SBC007332_R,/5Phos/TTACGCGACGCGAGCTGTAAGTTG
H1,SBC004981_F,/5Phos/AGGATCAAATATGAACAGGGTACGGGGTC
H1,SBC004981_R,/5Phos/CACTGCGCAATACACTTCTTACGACATGAA
H2,SBC007435_F,/5Phos/TACTTACTCAAATTGTCCTACCATGCCGATCCC
H2,SBC007435_R,/5Phos/TTAGCTATTTTGTTTCGCGAACACTTTGCCCAA
H3,SBC007456_F,/5Phos/CCCGGACTCGTCTCAGTATTCGGA
H3,SBC007456_R,/5Phos/TCAGATGAGATGATACTCCTGAAGCAGCTCC
H4,SBC007342_F,/5Phos/AAACTTTCGTATCTAGCGTTCTATACAATGACTATCCGACAG
H4,SBC007342_R,/5Phos/TTAATAATACTGCAATTCCTTTAACTTATCCTGAATACGTTTCACGGG
H5,SBC007358_F,/5Phos/AAGCAGATGCACACCCACCGAC
H5,SBC007358_R,/5Phos/TCATTTTTCTTTATGTTTTGCTTTCCACTTACTCCATTTGTATAAGGCA
H6,SBC007192_F,/5Phos/TCCCAAAATGCTGGGGCGC
H6,SBC007192_R,/5Phos/TCAATTCATCCTCAGGACCGGTTTGACTG
H7,SBC007314_F,/5Phos/ACATACCTCGTCCTCCTCGTACACTCAT
H7,SBC007314_R,/5Phos/TTAGCTCATGGACAGCAACGCGTTG
H8,SBC007334_F,/5Phos/TCTGGGGTGATGCACAACCCTG
H8,SBC007334_R,/5Phos/TCAGGTCGGATCAACGGGGAC
